{
  "users": {
    "6285624297893@s.whatsapp.net": {
      "status_deposit": false,
      "saldo": 0
    },
    "6285642287478@s.whatsapp.net": {
      "status_deposit": false,
      "saldo": 0
    },
    "120363280576631666@newsletter": {
      "status_deposit": false,
      "saldo": 0
    },
    "120363323428405919@newsletter": {
      "status_deposit": false,
      "saldo": 0
    },
    "601125762114@s.whatsapp.net": {
      "status_deposit": false,
      "saldo": 0
    },
    "62887437367171@s.whatsapp.net": {
      "status_deposit": false,
      "saldo": 0
    },
    "94772118182@s.whatsapp.net": {
      "status_deposit": false,
      "saldo": 0
    },
    "6282143733959@s.whatsapp.net": {
      "status_deposit": false,
      "saldo": 0
    },
    "6283187610223@s.whatsapp.net": {
      "status_deposit": false,
      "saldo": 0
    },
    "6285213774167@s.whatsapp.net": {
      "status_deposit": false,
      "saldo": 0
    },
    "6283844082339@s.whatsapp.net": {
      "status_deposit": false,
      "saldo": 0
    },
    "6283128291480@s.whatsapp.net": {
      "status_deposit": false,
      "saldo": 0
    },
    "6281314634301@s.whatsapp.net": {
      "status_deposit": false,
      "saldo": 0
    },
    "6282281867596@s.whatsapp.net": {
      "status_deposit": false,
      "saldo": 0
    },
    "601133370481@s.whatsapp.net": {
      "status_deposit": false,
      "saldo": 0
    },
    "6281545819366@s.whatsapp.net": {
      "status_deposit": false,
      "saldo": 0
    },
    "601159123655@s.whatsapp.net": {
      "status_deposit": false,
      "saldo": 0
    },
    "6285263390832@s.whatsapp.net": {
      "status_deposit": false,
      "saldo": 0
    },
    "6281361502151@s.whatsapp.net": {
      "status_deposit": false,
      "saldo": 0
    },
    "6285718275389@s.whatsapp.net": {
      "status_deposit": false,
      "saldo": 0
    },
    "6285712700898@s.whatsapp.net": {
      "status_deposit": false,
      "saldo": 0
    },
    "6285718228930@s.whatsapp.net": {
      "status_deposit": false,
      "saldo": 0
    },
    "62895340684706@s.whatsapp.net": {
      "status_deposit": false,
      "saldo": 0
    },
    "60175922381@s.whatsapp.net": {
      "status_deposit": false,
      "saldo": 0
    },
    "18254636716@s.whatsapp.net": {
      "status_deposit": false,
      "saldo": 0
    },
    "6283160910704@s.whatsapp.net": {
      "status_deposit": false,
      "saldo": 0
    },
    "6281225706443@s.whatsapp.net": {
      "status_deposit": false,
      "saldo": 0
    },
    "6283160910697@s.whatsapp.net": {
      "status_deposit": false,
      "saldo": 0
    },
    "6285787431461@s.whatsapp.net": {
      "status_deposit": false,
      "saldo": 0
    },
    "60163457290@s.whatsapp.net": {
      "status_deposit": false,
      "saldo": 0
    },
    "60178624795@s.whatsapp.net": {
      "status_deposit": false,
      "saldo": 0
    },
    "60165028241@s.whatsapp.net": {
      "status_deposit": false,
      "saldo": 0
    },
    "60133152172@s.whatsapp.net": {
      "status_deposit": false,
      "saldo": 0
    },
    "6285865716305@s.whatsapp.net": {
      "status_deposit": false,
      "saldo": 0
    },
    "6283894585073@s.whatsapp.net": {
      "status_deposit": false,
      "saldo": 0
    },
    "6285796417633@s.whatsapp.net": {
      "status_deposit": false,
      "saldo": 0
    },
    "6285820169622@s.whatsapp.net": {
      "status_deposit": false,
      "saldo": 0
    },
    "6281220353907@s.whatsapp.net": {
      "status_deposit": false,
      "saldo": 0
    },
    "6283140260625@s.whatsapp.net": {
      "status_deposit": false,
      "saldo": 0
    },
    "6282332799747@s.whatsapp.net": {
      "status_deposit": false,
      "saldo": 0
    },
    "6287775167255@s.whatsapp.net": {
      "status_deposit": false,
      "saldo": 0
    },
    "62882019320004@s.whatsapp.net": {
      "status_deposit": false,
      "saldo": 0
    },
    "6285716933581@s.whatsapp.net": {
      "status_deposit": false,
      "saldo": 0
    },
    "6287796216188@s.whatsapp.net": {
      "status_deposit": false,
      "saldo": 0
    },
    "6283161677223@s.whatsapp.net": {
      "status_deposit": false,
      "saldo": 0
    },
    "6285646552088@s.whatsapp.net": {
      "status_deposit": false,
      "saldo": 0
    },
    "120363314042509394@newsletter": {
      "status_deposit": false,
      "saldo": 0
    },
    "6287743875928@s.whatsapp.net": {
      "status_deposit": false,
      "saldo": 0
    },
    "6281973088292@s.whatsapp.net": {
      "status_deposit": false,
      "saldo": 0
    },
    "6282162321824@s.whatsapp.net": {
      "status_deposit": false,
      "saldo": 0
    },
    "6283193921634@s.whatsapp.net": {
      "status_deposit": false,
      "saldo": 0
    },
    "6282154249849@s.whatsapp.net": {
      "status_deposit": false,
      "saldo": 0
    },
    "62881012043241@s.whatsapp.net": {
      "status_deposit": false,
      "saldo": 0
    },
    "628978823447@s.whatsapp.net": {
      "status_deposit": false,
      "saldo": 0
    },
    "6285714987579@s.whatsapp.net": {
      "status_deposit": false,
      "saldo": 0
    },
    "6285184291212@s.whatsapp.net": {
      "status_deposit": false,
      "saldo": 0
    },
    "6285136303667@s.whatsapp.net": {
      "status_deposit": false,
      "saldo": 0
    },
    "6287798580248@s.whatsapp.net": {
      "status_deposit": false,
      "saldo": 0
    },
    "6285609914389@s.whatsapp.net": {
      "status_deposit": false,
      "saldo": 0
    },
    "6283173318653@s.whatsapp.net": {
      "status_deposit": false,
      "saldo": 0
    },
    "62895361504600@s.whatsapp.net": {
      "status_deposit": false,
      "saldo": 0
    },
    "6281615951066@s.whatsapp.net": {
      "status_deposit": false,
      "saldo": 0
    },
    "601123977059@s.whatsapp.net": {
      "status_deposit": false,
      "saldo": 0
    },
    "6282123171097@s.whatsapp.net": {
      "status_deposit": false,
      "saldo": 0
    },
    "6282120702085@s.whatsapp.net": {
      "status_deposit": false,
      "saldo": 0
    },
    "6283139887149@s.whatsapp.net": {
      "status_deposit": false,
      "saldo": 0
    },
    "6288980353191@s.whatsapp.net": {
      "status_deposit": false,
      "saldo": 0
    },
    "6285817114808@s.whatsapp.net": {
      "status_deposit": false,
      "saldo": 0
    },
    "6282123938347@s.whatsapp.net": {
      "status_deposit": false,
      "saldo": 0
    },
    "6282335232330@s.whatsapp.net": {
      "status_deposit": false,
      "saldo": 0
    },
    "6287883316109@s.whatsapp.net": {
      "status_deposit": false,
      "saldo": 0
    },
    "6285609287244@s.whatsapp.net": {
      "status_deposit": false,
      "saldo": 0
    },
    "60109630802@s.whatsapp.net": {
      "status_deposit": false,
      "saldo": 0
    },
    "628567128167@s.whatsapp.net": {
      "status_deposit": false,
      "saldo": 0
    },
    "62882008927892@s.whatsapp.net": {
      "status_deposit": false,
      "saldo": 0
    },
    "6285129464783@s.whatsapp.net": {
      "status_deposit": false,
      "saldo": 0
    },
    "6289528130440@s.whatsapp.net": {
      "status_deposit": false,
      "saldo": 0
    },
    "6285658867155@s.whatsapp.net": {
      "status_deposit": false,
      "saldo": 0
    },
    "6281545063643@s.whatsapp.net": {
      "status_deposit": false,
      "saldo": 0
    },
    "6283847832559@s.whatsapp.net": {
      "status_deposit": false,
      "saldo": 0
    },
    "6287823062296@s.whatsapp.net": {
      "status_deposit": false,
      "saldo": 0
    },
    "6285642044600@s.whatsapp.net": {
      "status_deposit": false,
      "saldo": 0
    },
    "6288246545332@s.whatsapp.net": {
      "status_deposit": false,
      "saldo": 0
    },
    "6282241801624@s.whatsapp.net": {
      "status_deposit": false,
      "saldo": 0
    },
    "6283848350572@s.whatsapp.net": {
      "status_deposit": false,
      "saldo": 0
    },
    "6289518744979@s.whatsapp.net": {
      "status_deposit": false,
      "saldo": 0
    },
    "6283843956038@s.whatsapp.net": {
      "status_deposit": false,
      "saldo": 0
    },
    "6282258870060@s.whatsapp.net": {
      "status_deposit": false,
      "saldo": 0
    },
    "256788028745@s.whatsapp.net": {
      "status_deposit": false,
      "saldo": 0
    },
    "62895351691993@s.whatsapp.net": {
      "status_deposit": false,
      "saldo": 0
    },
    "6281522796873@s.whatsapp.net": {
      "status_deposit": false,
      "saldo": 0
    },
    "6283861226721@s.whatsapp.net": {
      "status_deposit": false,
      "saldo": 0
    },
    "6289661776700@s.whatsapp.net": {
      "status_deposit": false,
      "saldo": 0
    },
    "60134079819@s.whatsapp.net": {
      "status_deposit": false,
      "saldo": 0
    },
    "6282319699080@s.whatsapp.net": {
      "status_deposit": false,
      "saldo": 0
    },
    "6285133226206@s.whatsapp.net": {
      "status_deposit": false,
      "saldo": 0
    },
    "6283839740977@s.whatsapp.net": {
      "status_deposit": false,
      "saldo": 0
    },
    "6283150848718@s.whatsapp.net": {
      "status_deposit": false,
      "saldo": 0
    },
    "6283146050386@s.whatsapp.net": {
      "status_deposit": false,
      "saldo": 0
    },
    "6287788643574@s.whatsapp.net": {
      "status_deposit": false,
      "saldo": 0
    },
    "6289527391078@s.whatsapp.net": {
      "status_deposit": false,
      "saldo": 0
    },
    "6281345393363@s.whatsapp.net": {
      "status_deposit": false,
      "saldo": 0
    },
    "60166097998@s.whatsapp.net": {
      "status_deposit": false,
      "saldo": 0
    },
    "6287888140949@s.whatsapp.net": {
      "status_deposit": false,
      "saldo": 0
    },
    "6285269388746@s.whatsapp.net": {
      "status_deposit": false,
      "saldo": 0
    },
    "6289514566001@s.whatsapp.net": {
      "status_deposit": false,
      "saldo": 0
    },
    "6285814176243@s.whatsapp.net": {
      "status_deposit": false,
      "saldo": 0
    },
    "62895411828070@s.whatsapp.net": {
      "status_deposit": false,
      "saldo": 0
    },
    "6283837120938@s.whatsapp.net": {
      "status_deposit": false,
      "saldo": 0
    },
    "6281568315348@s.whatsapp.net": {
      "status_deposit": false,
      "saldo": 0
    },
    "6283866043444@s.whatsapp.net": {
      "status_deposit": false,
      "saldo": 0
    },
    "6282269573906@s.whatsapp.net": {
      "status_deposit": false,
      "saldo": 0
    },
    "6289678583862@s.whatsapp.net": {
      "status_deposit": false,
      "saldo": 0
    },
    "6288214876880@s.whatsapp.net": {
      "status_deposit": false,
      "saldo": 0
    },
    "6283856228947@s.whatsapp.net": {
      "status_deposit": false,
      "saldo": 0
    },
    "60196367482@s.whatsapp.net": {
      "status_deposit": false,
      "saldo": 0
    },
    "6288246369279@s.whatsapp.net": {
      "status_deposit": false,
      "saldo": 0
    },
    "6283878684310@s.whatsapp.net": {
      "status_deposit": false,
      "saldo": 0
    },
    "6281390817531@s.whatsapp.net": {
      "status_deposit": false,
      "saldo": 0
    },
    "6285705051171@s.whatsapp.net": {
      "status_deposit": false,
      "saldo": 0
    },
    "601161391157@s.whatsapp.net": {
      "status_deposit": false,
      "saldo": 0
    },
    "6281553790861@s.whatsapp.net": {
      "status_deposit": false,
      "saldo": 0
    },
    "6282220032319@s.whatsapp.net": {
      "status_deposit": false,
      "saldo": 0
    },
    "6285877287455@s.whatsapp.net": {
      "status_deposit": false,
      "saldo": 0
    },
    "6281232514061@s.whatsapp.net": {
      "status_deposit": false,
      "saldo": 0
    },
    "6283854833221@s.whatsapp.net": {
      "status_deposit": false,
      "saldo": 0
    },
    "6285141119832@s.whatsapp.net": {
      "status_deposit": false,
      "saldo": 0
    },
    "62881012303956@s.whatsapp.net": {
      "status_deposit": false,
      "saldo": 0
    },
    "6285213243633@s.whatsapp.net": {
      "status_deposit": false,
      "saldo": 0
    },
    "6282125435669@s.whatsapp.net": {
      "status_deposit": false,
      "saldo": 0
    },
    "6283826199309@s.whatsapp.net": {
      "status_deposit": false,
      "saldo": 0
    },
    "6283830596470@s.whatsapp.net": {
      "status_deposit": false,
      "saldo": 0
    },
    "6283874786921@s.whatsapp.net": {
      "status_deposit": false,
      "saldo": 0
    },
    "6283172664475@s.whatsapp.net": {
      "status_deposit": false,
      "saldo": 0
    },
    "6289501999716@s.whatsapp.net": {
      "status_deposit": false,
      "saldo": 0
    },
    "6285746679020@s.whatsapp.net": {
      "status_deposit": false,
      "saldo": 0
    },
    "6287898011268@s.whatsapp.net": {
      "status_deposit": false,
      "saldo": 0
    },
    "6282211351464@s.whatsapp.net": {
      "status_deposit": false,
      "saldo": 0
    },
    "6285778040689@s.whatsapp.net": {
      "status_deposit": false,
      "saldo": 0
    },
    "60164456277@s.whatsapp.net": {
      "status_deposit": false,
      "saldo": 0
    },
    "60109377885@s.whatsapp.net": {
      "status_deposit": false,
      "saldo": 0
    },
    "62895392786628@s.whatsapp.net": {
      "status_deposit": false,
      "saldo": 0
    },
    "6289509534787@s.whatsapp.net": {
      "status_deposit": false,
      "saldo": 0
    },
    "6287782502515@s.whatsapp.net": {
      "status_deposit": false,
      "saldo": 0
    },
    "6285795531648@s.whatsapp.net": {
      "status_deposit": false,
      "saldo": 0
    },
    "6285773465633@s.whatsapp.net": {
      "status_deposit": false,
      "saldo": 0
    },
    "6285793410586@s.whatsapp.net": {
      "status_deposit": false,
      "saldo": 0
    },
    "6283119371787@s.whatsapp.net": {
      "status_deposit": false,
      "saldo": 0
    },
    "6288980103366@s.whatsapp.net": {
      "status_deposit": false,
      "saldo": 0
    },
    "6283898162584@s.whatsapp.net": {
      "status_deposit": false,
      "saldo": 0
    },
    "6282350420346@s.whatsapp.net": {
      "status_deposit": false,
      "saldo": 0
    },
    "62895612030800@s.whatsapp.net": {
      "status_deposit": false,
      "saldo": 0
    },
    "6285270790128@s.whatsapp.net": {
      "status_deposit": false,
      "saldo": 0
    },
    "6283161675010@s.whatsapp.net": {
      "status_deposit": false,
      "saldo": 0
    },
    "601126274354@s.whatsapp.net": {
      "status_deposit": false,
      "saldo": 0
    },
    "6282324074643@s.whatsapp.net": {
      "status_deposit": false,
      "saldo": 0
    },
    "628983932744@s.whatsapp.net": {
      "status_deposit": false,
      "saldo": 0
    },
    "6283843727594@s.whatsapp.net": {
      "status_deposit": false,
      "saldo": 0
    },
    "6282164644595@s.whatsapp.net": {
      "status_deposit": false,
      "saldo": 0
    },
    "60198679942@s.whatsapp.net": {
      "status_deposit": false,
      "saldo": 0
    },
    "6285363590035@s.whatsapp.net": {
      "status_deposit": false,
      "saldo": 0
    },
    "6283137244881@s.whatsapp.net": {
      "status_deposit": false,
      "saldo": 0
    },
    "6283165434842@s.whatsapp.net": {
      "status_deposit": false,
      "saldo": 0
    },
    "60175482886@s.whatsapp.net": {
      "status_deposit": false,
      "saldo": 0
    },
    "62881036105491@s.whatsapp.net": {
      "status_deposit": false,
      "saldo": 0
    },
    "6282177985572@s.whatsapp.net": {
      "status_deposit": false,
      "saldo": 0
    },
    "6285809200977@s.whatsapp.net": {
      "status_deposit": false,
      "saldo": 0
    },
    "628998022143@s.whatsapp.net": {
      "status_deposit": false,
      "saldo": 0
    },
    "6289514487337@s.whatsapp.net": {
      "status_deposit": false,
      "saldo": 0
    },
    "6288219672030@s.whatsapp.net": {
      "status_deposit": false,
      "saldo": 0
    },
    "62895387144554@s.whatsapp.net": {
      "status_deposit": false,
      "saldo": 0
    },
    "6289685313934@s.whatsapp.net": {
      "status_deposit": false,
      "saldo": 0
    },
    "6282172840516@s.whatsapp.net": {
      "status_deposit": false,
      "saldo": 0
    },
    "6281548425874@s.whatsapp.net": {
      "status_deposit": false,
      "saldo": 0
    },
    "6287735028215@s.whatsapp.net": {
      "status_deposit": false,
      "saldo": 0
    },
    "6282128710462@s.whatsapp.net": {
      "status_deposit": false,
      "saldo": 0
    },
    "62882008771871@s.whatsapp.net": {
      "status_deposit": false,
      "saldo": 0
    },
    "6289518898764@s.whatsapp.net": {
      "status_deposit": false,
      "saldo": 0
    },
    "6285715294026@s.whatsapp.net": {
      "status_deposit": false,
      "saldo": 0
    },
    "6289675729386@s.whatsapp.net": {
      "status_deposit": false,
      "saldo": 0
    },
    "6283832277809@s.whatsapp.net": {
      "status_deposit": false,
      "saldo": 0
    },
    "6285191083675@s.whatsapp.net": {
      "status_deposit": false,
      "saldo": 0
    },
    "6282299210890@s.whatsapp.net": {
      "status_deposit": false,
      "saldo": 0
    },
    "6285137073500@s.whatsapp.net": {
      "status_deposit": false,
      "saldo": 0
    },
    "6285793842517@s.whatsapp.net": {
      "status_deposit": false,
      "saldo": 0
    },
    "6289603604065@s.whatsapp.net": {
      "status_deposit": false,
      "saldo": 0
    },
    "6285368346771@s.whatsapp.net": {
      "status_deposit": false,
      "saldo": 0
    },
    "6282177753194@s.whatsapp.net": {
      "status_deposit": false,
      "saldo": 0
    },
    "6281539927670@s.whatsapp.net": {
      "status_deposit": false,
      "saldo": 0
    },
    "60193980702@s.whatsapp.net": {
      "status_deposit": false,
      "saldo": 0
    },
    "628998993517@s.whatsapp.net": {
      "status_deposit": false,
      "saldo": 0
    },
    "6285977212901@s.whatsapp.net": {
      "status_deposit": false,
      "saldo": 0
    },
    "6285795349441@s.whatsapp.net": {
      "status_deposit": false,
      "saldo": 0
    },
    "6285717473142@s.whatsapp.net": {
      "status_deposit": false,
      "saldo": 0
    },
    "6283890994033@s.whatsapp.net": {
      "status_deposit": false,
      "saldo": 0
    },
    "6285184193496@s.whatsapp.net": {
      "status_deposit": false,
      "saldo": 0
    },
    "6282171068354@s.whatsapp.net": {
      "status_deposit": false,
      "saldo": 0
    },
    "6285822089912@s.whatsapp.net": {
      "status_deposit": false,
      "saldo": 0
    },
    "601112132608@s.whatsapp.net": {
      "status_deposit": false,
      "saldo": 0
    },
    "6283854019482@s.whatsapp.net": {
      "status_deposit": false,
      "saldo": 0
    },
    "6283143663697@s.whatsapp.net": {
      "status_deposit": false,
      "saldo": 0
    },
    "6285791078718@s.whatsapp.net": {
      "status_deposit": false,
      "saldo": 0
    },
    "6281249874100@s.whatsapp.net": {
      "status_deposit": false,
      "saldo": 0
    },
    "6281466795684@s.whatsapp.net": {
      "status_deposit": false,
      "saldo": 0
    },
    "6283867298893@s.whatsapp.net": {
      "status_deposit": false,
      "saldo": 0
    },
    "6282156742462@s.whatsapp.net": {
      "status_deposit": false,
      "saldo": 0
    },
    "94711453361@s.whatsapp.net": {
      "status_deposit": false,
      "saldo": 0
    },
    "628989938797@s.whatsapp.net": {
      "status_deposit": false,
      "saldo": 0
    },
    "6282325752719@s.whatsapp.net": {
      "status_deposit": false,
      "saldo": 0
    },
    "6288272863789@s.whatsapp.net": {
      "status_deposit": false,
      "saldo": 0
    },
    "6285602974551@s.whatsapp.net": {
      "status_deposit": false,
      "saldo": 0
    },
    "6285280738102@s.whatsapp.net": {
      "status_deposit": false,
      "saldo": 0
    },
    "62895342545623@s.whatsapp.net": {
      "status_deposit": false,
      "saldo": 0
    },
    "6285640064370@s.whatsapp.net": {
      "status_deposit": false,
      "saldo": 0
    },
    "6282285450191@s.whatsapp.net": {
      "status_deposit": false,
      "saldo": 0
    },
    "6281312897208@s.whatsapp.net": {
      "status_deposit": false,
      "saldo": 0
    },
    "601127947284@s.whatsapp.net": {
      "status_deposit": false,
      "saldo": 0
    },
    "6283873529546@s.whatsapp.net": {
      "status_deposit": false,
      "saldo": 0
    },
    "62881027936115@s.whatsapp.net": {
      "status_deposit": false,
      "saldo": 0
    },
    "628817861263@s.whatsapp.net": {
      "status_deposit": false,
      "saldo": 0
    },
    "6285827845513@s.whatsapp.net": {
      "status_deposit": false,
      "saldo": 0
    },
    "6285237596750@s.whatsapp.net": {
      "status_deposit": false,
      "saldo": 0
    },
    "6289522928487@s.whatsapp.net": {
      "status_deposit": false,
      "saldo": 0
    },
    "6283189179107@s.whatsapp.net": {
      "status_deposit": false,
      "saldo": 0
    },
    "6283177536392@s.whatsapp.net": {
      "status_deposit": false,
      "saldo": 0
    },
    "6285243970899@s.whatsapp.net": {
      "status_deposit": false,
      "saldo": 0
    },
    "6282328013583@s.whatsapp.net": {
      "status_deposit": false,
      "saldo": 0
    },
    "6285657171549@s.whatsapp.net": {
      "status_deposit": false,
      "saldo": 0
    },
    "6282284105614@s.whatsapp.net": {
      "status_deposit": false,
      "saldo": 0
    },
    "62895365293495@s.whatsapp.net": {
      "status_deposit": false,
      "saldo": 0
    },
    "6283169030972@s.whatsapp.net": {
      "status_deposit": false,
      "saldo": 0
    },
    "6287875413098@s.whatsapp.net": {
      "status_deposit": false,
      "saldo": 0
    },
    "62816265504@s.whatsapp.net": {
      "status_deposit": false,
      "saldo": 0
    },
    "6285137749289@s.whatsapp.net": {
      "status_deposit": false,
      "saldo": 0
    },
    "60164482800@s.whatsapp.net": {
      "status_deposit": false,
      "saldo": 0
    },
    "6287748285662@s.whatsapp.net": {
      "status_deposit": false,
      "saldo": 0
    },
    "62881025352874@s.whatsapp.net": {
      "status_deposit": false,
      "saldo": 0
    },
    "6285738096408@s.whatsapp.net": {
      "status_deposit": false,
      "saldo": 0
    },
    "6283111291098@s.whatsapp.net": {
      "status_deposit": false,
      "saldo": 0
    },
    "6283865868133@s.whatsapp.net": {
      "status_deposit": false,
      "saldo": 0
    },
    "6282176642989@s.whatsapp.net": {
      "status_deposit": false,
      "saldo": 0
    },
    "6283164582982@s.whatsapp.net": {
      "status_deposit": false,
      "saldo": 0
    },
    "6281313890427@s.whatsapp.net": {
      "status_deposit": false,
      "saldo": 0
    },
    "6283129766672@s.whatsapp.net": {
      "status_deposit": false,
      "saldo": 0
    },
    "6288221296009@s.whatsapp.net": {
      "status_deposit": false,
      "saldo": 0
    },
    "6283823097750@s.whatsapp.net": {
      "status_deposit": false,
      "saldo": 0
    },
    "6285654809715@s.whatsapp.net": {
      "status_deposit": false,
      "saldo": 0
    },
    "601161186780@s.whatsapp.net": {
      "status_deposit": false,
      "saldo": 0
    },
    "6283141984932@s.whatsapp.net": {
      "status_deposit": false,
      "saldo": 0
    },
    "6283821627009@s.whatsapp.net": {
      "status_deposit": false,
      "saldo": 0
    },
    "6285298027445@s.whatsapp.net": {
      "status_deposit": false,
      "saldo": 0
    },
    "6287791034010@s.whatsapp.net": {
      "status_deposit": false,
      "saldo": 0
    },
    "628999499099@s.whatsapp.net": {
      "status_deposit": false,
      "saldo": 0
    },
    "62895324933719@s.whatsapp.net": {
      "status_deposit": false,
      "saldo": 0
    },
    "6281572052987@s.whatsapp.net": {
      "status_deposit": false,
      "saldo": 0
    },
    "6281326879690@s.whatsapp.net": {
      "status_deposit": false,
      "saldo": 0
    },
    "62895366341454@s.whatsapp.net": {
      "status_deposit": false,
      "saldo": 0
    },
    "6285624439952@s.whatsapp.net": {
      "status_deposit": false,
      "saldo": 0
    },
    "6281553392172@s.whatsapp.net": {
      "status_deposit": false,
      "saldo": 0
    },
    "6289616437651@s.whatsapp.net": {
      "status_deposit": false,
      "saldo": 0
    },
    "6283849380005@s.whatsapp.net": {
      "status_deposit": false,
      "saldo": 0
    },
    "6289527219729@s.whatsapp.net": {
      "status_deposit": false,
      "saldo": 0
    },
    "6288217290819@s.whatsapp.net": {
      "status_deposit": false,
      "saldo": 0
    },
    "6283113038008@s.whatsapp.net": {
      "status_deposit": false,
      "saldo": 0
    },
    "6285693403858@s.whatsapp.net": {
      "status_deposit": false,
      "saldo": 0
    },
    "6285183559284@s.whatsapp.net": {
      "status_deposit": false,
      "saldo": 0
    },
    "62895405753446@s.whatsapp.net": {
      "status_deposit": false,
      "saldo": 0
    },
    "6285731952515@s.whatsapp.net": {
      "status_deposit": false,
      "saldo": 0
    },
    "6281390930615@s.whatsapp.net": {
      "status_deposit": false,
      "saldo": 0
    },
    "6285934287687@s.whatsapp.net": {
      "status_deposit": false,
      "saldo": 0
    },
    "6283169774635@s.whatsapp.net": {
      "status_deposit": false,
      "saldo": 0
    },
    "6282178006414@s.whatsapp.net": {
      "status_deposit": false,
      "saldo": 0
    },
    "601155607986@s.whatsapp.net": {
      "status_deposit": false,
      "saldo": 0
    },
    "6285768962988@s.whatsapp.net": {
      "status_deposit": false,
      "saldo": 0
    },
    "6283151520185@s.whatsapp.net": {
      "status_deposit": false,
      "saldo": 0
    },
    "601121518754@s.whatsapp.net": {
      "status_deposit": false,
      "saldo": 0
    },
    "6287716582157@s.whatsapp.net": {
      "status_deposit": false,
      "saldo": 0
    },
    "6285813957174@s.whatsapp.net": {
      "status_deposit": false,
      "saldo": 0
    },
    "6281396694109@s.whatsapp.net": {
      "status_deposit": false,
      "saldo": 0
    },
    "6288287091943@s.whatsapp.net": {
      "status_deposit": false,
      "saldo": 0
    },
    "6283170161032@s.whatsapp.net": {
      "status_deposit": false,
      "saldo": 0
    },
    "6285380624788@s.whatsapp.net": {
      "status_deposit": false,
      "saldo": 0
    },
    "6289646395700@s.whatsapp.net": {
      "status_deposit": false,
      "saldo": 0
    },
    "6283857899787@s.whatsapp.net": {
      "status_deposit": false,
      "saldo": 0
    },
    "6287872204640@s.whatsapp.net": {
      "status_deposit": false,
      "saldo": 0
    },
    "6287741990540@s.whatsapp.net": {
      "status_deposit": false,
      "saldo": 0
    },
    "6283805811703@s.whatsapp.net": {
      "status_deposit": false,
      "saldo": 0
    },
    "60102478699@s.whatsapp.net": {
      "status_deposit": false,
      "saldo": 0
    },
    "6283897892884@s.whatsapp.net": {
      "status_deposit": false,
      "saldo": 0
    },
    "6285776423645@s.whatsapp.net": {
      "status_deposit": false,
      "saldo": 0
    },
    "6285714199817@s.whatsapp.net": {
      "status_deposit": false,
      "saldo": 0
    },
    "6281235056126@s.whatsapp.net": {
      "status_deposit": false,
      "saldo": 0
    },
    "6285814463721@s.whatsapp.net": {
      "status_deposit": false,
      "saldo": 0
    },
    "6283823179758@s.whatsapp.net": {
      "status_deposit": false,
      "saldo": 0
    },
    "6281917010913@s.whatsapp.net": {
      "status_deposit": false,
      "saldo": 0
    },
    "6285730110727@s.whatsapp.net": {
      "status_deposit": false,
      "saldo": 0
    },
    "62895628260666@s.whatsapp.net": {
      "status_deposit": false,
      "saldo": 0
    },
    "6285691056438@s.whatsapp.net": {
      "status_deposit": false,
      "saldo": 0
    },
    "6283898155055@s.whatsapp.net": {
      "status_deposit": false,
      "saldo": 0
    },
    "6285871345768@s.whatsapp.net": {
      "status_deposit": false,
      "saldo": 0
    },
    "6285947687620@s.whatsapp.net": {
      "status_deposit": false,
      "saldo": 0
    },
    "6281254835351@s.whatsapp.net": {
      "status_deposit": false,
      "saldo": 0
    },
    "6285712552561@s.whatsapp.net": {
      "status_deposit": false,
      "saldo": 0
    },
    "6288707015098@s.whatsapp.net": {
      "status_deposit": false,
      "saldo": 0
    },
    "6282267945856@s.whatsapp.net": {
      "status_deposit": false,
      "saldo": 0
    },
    "6281230102895@s.whatsapp.net": {
      "status_deposit": false,
      "saldo": 0
    },
    "6285763288462@s.whatsapp.net": {
      "status_deposit": false,
      "saldo": 0
    },
    "6285394283279@s.whatsapp.net": {
      "status_deposit": false,
      "saldo": 0
    },
    "6282122963429@s.whatsapp.net": {
      "status_deposit": false,
      "saldo": 0
    },
    "6283877644860@s.whatsapp.net": {
      "status_deposit": false,
      "saldo": 0
    },
    "6282137435046@s.whatsapp.net": {
      "status_deposit": false,
      "saldo": 0
    },
    "6289630200229@s.whatsapp.net": {
      "status_deposit": false,
      "saldo": 0
    },
    "6283198344066@s.whatsapp.net": {
      "status_deposit": false,
      "saldo": 0
    },
    "6281336914710@s.whatsapp.net": {
      "status_deposit": false,
      "saldo": 0
    },
    "62895321323685@s.whatsapp.net": {
      "status_deposit": false,
      "saldo": 0
    },
    "6283874284920@s.whatsapp.net": {
      "status_deposit": false,
      "saldo": 0
    },
    "249127653593@s.whatsapp.net": {
      "status_deposit": false,
      "saldo": 0
    },
    "6283863016977@s.whatsapp.net": {
      "status_deposit": false,
      "saldo": 0
    },
    "60107110421@s.whatsapp.net": {
      "status_deposit": false,
      "saldo": 0
    },
    "6283171535526@s.whatsapp.net": {
      "status_deposit": false,
      "saldo": 0
    },
    "6285824117581@s.whatsapp.net": {
      "status_deposit": false,
      "saldo": 0
    },
    "6282286487441@s.whatsapp.net": {
      "status_deposit": false,
      "saldo": 0
    },
    "60179545081@s.whatsapp.net": {
      "status_deposit": false,
      "saldo": 0
    },
    "6285194288083@s.whatsapp.net": {
      "status_deposit": false,
      "saldo": 0
    },
    "6281359123789@s.whatsapp.net": {
      "status_deposit": false,
      "saldo": 0
    },
    "6281932595534@s.whatsapp.net": {
      "status_deposit": false,
      "saldo": 0
    },
    "6283827997135@s.whatsapp.net": {
      "status_deposit": false,
      "saldo": 0
    },
    "6285880322793@s.whatsapp.net": {
      "status_deposit": false,
      "saldo": 0
    },
    "6287780625347@s.whatsapp.net": {
      "status_deposit": false,
      "saldo": 0
    },
    "6283843412850@s.whatsapp.net": {
      "status_deposit": false,
      "saldo": 0
    },
    "6283140681801@s.whatsapp.net": {
      "status_deposit": false,
      "saldo": 0
    },
    "6289676554046@s.whatsapp.net": {
      "status_deposit": false,
      "saldo": 0
    },
    "6285809737236@s.whatsapp.net": {
      "status_deposit": false,
      "saldo": 0
    },
    "6287757276767@s.whatsapp.net": {
      "status_deposit": false,
      "saldo": 0
    },
    "6285808468352@s.whatsapp.net": {
      "status_deposit": false,
      "saldo": 0
    },
    "6288276506456@s.whatsapp.net": {
      "status_deposit": false,
      "saldo": 0
    },
    "6288287034033@s.whatsapp.net": {
      "status_deposit": false,
      "saldo": 0
    },
    "6287786230364@s.whatsapp.net": {
      "status_deposit": false,
      "saldo": 0
    },
    "6282258312618@s.whatsapp.net": {
      "status_deposit": false,
      "saldo": 0
    },
    "6281526036210@s.whatsapp.net": {
      "status_deposit": false,
      "saldo": 0
    },
    "6283131164107@s.whatsapp.net": {
      "status_deposit": false,
      "saldo": 0
    },
    "6288286341493@s.whatsapp.net": {
      "status_deposit": false,
      "saldo": 0
    },
    "6283830966162@s.whatsapp.net": {
      "status_deposit": false,
      "saldo": 0
    },
    "62895405935890@s.whatsapp.net": {
      "status_deposit": false,
      "saldo": 0
    },
    "6281229282984@s.whatsapp.net": {
      "status_deposit": false,
      "saldo": 0
    },
    "62882015904650@s.whatsapp.net": {
      "status_deposit": false,
      "saldo": 0
    },
    "601129235144@s.whatsapp.net": {
      "status_deposit": false,
      "saldo": 0
    },
    "6283843924128@s.whatsapp.net": {
      "status_deposit": false,
      "saldo": 0
    },
    "60179036478@s.whatsapp.net": {
      "status_deposit": false,
      "saldo": 0
    },
    "62895391551260@s.whatsapp.net": {
      "status_deposit": false,
      "saldo": 0
    },
    "62895421148484@s.whatsapp.net": {
      "status_deposit": false,
      "saldo": 0
    },
    "6282289417853@s.whatsapp.net": {
      "status_deposit": false,
      "saldo": 0
    },
    "6282371450557@s.whatsapp.net": {
      "status_deposit": false,
      "saldo": 0
    },
    "6282145854305@s.whatsapp.net": {
      "status_deposit": false,
      "saldo": 0
    },
    "6283874623914@s.whatsapp.net": {
      "status_deposit": false,
      "saldo": 0
    },
    "6285790283559@s.whatsapp.net": {
      "status_deposit": false,
      "saldo": 0
    },
    "6282256776745@s.whatsapp.net": {
      "status_deposit": false,
      "saldo": 0
    },
    "6285641808092@s.whatsapp.net": {
      "status_deposit": false,
      "saldo": 0
    },
    "6282335292312@s.whatsapp.net": {
      "status_deposit": false,
      "saldo": 0
    },
    "6282295050425@s.whatsapp.net": {
      "status_deposit": false,
      "saldo": 0
    },
    "6285262805933@s.whatsapp.net": {
      "status_deposit": false,
      "saldo": 0
    },
    "6285893532744@s.whatsapp.net": {
      "status_deposit": false,
      "saldo": 0
    },
    "6283188634814@s.whatsapp.net": {
      "status_deposit": false,
      "saldo": 0
    },
    "6285198646956@s.whatsapp.net": {
      "status_deposit": false,
      "saldo": 0
    },
    "6283871006115@s.whatsapp.net": {
      "status_deposit": false,
      "saldo": 0
    },
    "6288279804143@s.whatsapp.net": {
      "status_deposit": false,
      "saldo": 0
    },
    "6281324567574@s.whatsapp.net": {
      "status_deposit": false,
      "saldo": 0
    },
    "628568082009@s.whatsapp.net": {
      "status_deposit": false,
      "saldo": 0
    },
    "601169441506@s.whatsapp.net": {
      "status_deposit": false,
      "saldo": 0
    },
    "6282320667363@s.whatsapp.net": {
      "status_deposit": false,
      "saldo": 0
    },
    "254707677823@s.whatsapp.net": {
      "status_deposit": false,
      "saldo": 0
    },
    "6285248902081@s.whatsapp.net": {
      "status_deposit": false,
      "saldo": 0
    },
    "60196251936@s.whatsapp.net": {
      "status_deposit": false,
      "saldo": 0
    },
    "6281221962952@s.whatsapp.net": {
      "status_deposit": false,
      "saldo": 0
    },
    "628816089547@s.whatsapp.net": {
      "status_deposit": false,
      "saldo": 0
    },
    "6281377796883@s.whatsapp.net": {
      "status_deposit": false,
      "saldo": 0
    },
    "6283162041701@s.whatsapp.net": {
      "status_deposit": false,
      "saldo": 0
    },
    "601157576610@s.whatsapp.net": {
      "status_deposit": false,
      "saldo": 0
    },
    "6282292301340@s.whatsapp.net": {
      "status_deposit": false,
      "saldo": 0
    },
    "6283115277664@s.whatsapp.net": {
      "status_deposit": false,
      "saldo": 0
    },
    "6285370786474@s.whatsapp.net": {
      "status_deposit": false,
      "saldo": 0
    },
    "6285173329868@s.whatsapp.net": {
      "status_deposit": false,
      "saldo": 0
    },
    "6287786747634@s.whatsapp.net": {
      "status_deposit": false,
      "saldo": 0
    },
    "6282185643648@s.whatsapp.net": {
      "status_deposit": false,
      "saldo": 0
    },
    "6281324242823@s.whatsapp.net": {
      "status_deposit": false,
      "saldo": 0
    },
    "60142876641@s.whatsapp.net": {
      "status_deposit": false,
      "saldo": 0
    },
    "62895335923090@s.whatsapp.net": {
      "status_deposit": false,
      "saldo": 0
    },
    "6283834994479@s.whatsapp.net": {
      "status_deposit": false,
      "saldo": 0
    },
    "6285882822441@s.whatsapp.net": {
      "status_deposit": false,
      "saldo": 0
    },
    "60127483703@s.whatsapp.net": {
      "status_deposit": false,
      "saldo": 0
    },
    "6283843114133@s.whatsapp.net": {
      "status_deposit": false,
      "saldo": 0
    },
    "6287766977873@s.whatsapp.net": {
      "status_deposit": false,
      "saldo": 0
    },
    "6285184281855@s.whatsapp.net": {
      "status_deposit": false,
      "saldo": 0
    },
    "6281413517251@s.whatsapp.net": {
      "status_deposit": false,
      "saldo": 0
    },
    "6283862242986@s.whatsapp.net": {
      "status_deposit": false,
      "saldo": 0
    },
    "6283895723889@s.whatsapp.net": {
      "status_deposit": false,
      "saldo": 0
    },
    "6281532073096@s.whatsapp.net": {
      "status_deposit": false,
      "saldo": 0
    },
    "6283191796764@s.whatsapp.net": {
      "status_deposit": false,
      "saldo": 0
    },
    "6287762537508@s.whatsapp.net": {
      "status_deposit": false,
      "saldo": 0
    },
    "6285299146852@s.whatsapp.net": {
      "status_deposit": false,
      "saldo": 0
    },
    "62895610965040@s.whatsapp.net": {
      "status_deposit": false,
      "saldo": 0
    },
    "6287760381804@s.whatsapp.net": {
      "status_deposit": false,
      "saldo": 0
    },
    "62887437438499@s.whatsapp.net": {
      "status_deposit": false,
      "saldo": 0
    },
    "6285235207412@s.whatsapp.net": {
      "status_deposit": false,
      "saldo": 0
    },
    "33757055095@s.whatsapp.net": {
      "status_deposit": false,
      "saldo": 0
    },
    "6285716241495@s.whatsapp.net": {
      "status_deposit": false,
      "saldo": 0
    },
    "6283830330486@s.whatsapp.net": {
      "status_deposit": false,
      "saldo": 0
    },
    "6285646519107@s.whatsapp.net": {
      "status_deposit": false,
      "saldo": 0
    },
    "6282345285536@s.whatsapp.net": {
      "status_deposit": false,
      "saldo": 0
    },
    "6283893820230@s.whatsapp.net": {
      "status_deposit": false,
      "saldo": 0
    },
    "6282125209567@s.whatsapp.net": {
      "status_deposit": false,
      "saldo": 0
    },
    "6281770080994@s.whatsapp.net": {
      "status_deposit": false,
      "saldo": 0
    },
    "6283823722200@s.whatsapp.net": {
      "status_deposit": false,
      "saldo": 0
    },
    "628819317556@s.whatsapp.net": {
      "status_deposit": false,
      "saldo": 0
    },
    "6283872554491@s.whatsapp.net": {
      "status_deposit": false,
      "saldo": 0
    },
    "6285659713785@s.whatsapp.net": {
      "status_deposit": false,
      "saldo": 0
    },
    "6282218444197@s.whatsapp.net": {
      "status_deposit": false,
      "saldo": 0
    },
    "6283130333135@s.whatsapp.net": {
      "status_deposit": false,
      "saldo": 0
    },
    "6285774645238@s.whatsapp.net": {
      "status_deposit": false,
      "saldo": 0
    },
    "6281297737263@s.whatsapp.net": {
      "status_deposit": false,
      "saldo": 0
    },
    "60105139495@s.whatsapp.net": {
      "status_deposit": false,
      "saldo": 0
    },
    "628817577183@s.whatsapp.net": {
      "status_deposit": false,
      "saldo": 0
    },
    "6283839793135@s.whatsapp.net": {
      "status_deposit": false,
      "saldo": 0
    },
    "601125020992@s.whatsapp.net": {
      "status_deposit": false,
      "saldo": 0
    },
    "6282373909552@s.whatsapp.net": {
      "status_deposit": false,
      "saldo": 0
    },
    "6285126761003@s.whatsapp.net": {
      "status_deposit": false,
      "saldo": 0
    },
    "6281390828352@s.whatsapp.net": {
      "status_deposit": false,
      "saldo": 0
    },
    "601128987164@s.whatsapp.net": {
      "status_deposit": false,
      "saldo": 0
    },
    "6282210624102@s.whatsapp.net": {
      "status_deposit": false,
      "saldo": 0
    },
    "6288221817670@s.whatsapp.net": {
      "status_deposit": false,
      "saldo": 0
    },
    "6285647634658@s.whatsapp.net": {
      "status_deposit": false,
      "saldo": 0
    },
    "6288901260439@s.whatsapp.net": {
      "status_deposit": false,
      "saldo": 0
    },
    "6282260906513@s.whatsapp.net": {
      "status_deposit": false,
      "saldo": 0
    },
    "6287886153249@s.whatsapp.net": {
      "status_deposit": false,
      "saldo": 0
    },
    "6288980310252@s.whatsapp.net": {
      "status_deposit": false,
      "saldo": 0
    },
    "6282324754001@s.whatsapp.net": {
      "status_deposit": false,
      "saldo": 0
    },
    "6282140646468@s.whatsapp.net": {
      "status_deposit": false,
      "saldo": 0
    },
    "601116131837@s.whatsapp.net": {
      "status_deposit": false,
      "saldo": 0
    },
    "6283141241387@s.whatsapp.net": {
      "status_deposit": false,
      "saldo": 0
    },
    "6288226325933@s.whatsapp.net": {
      "status_deposit": false,
      "saldo": 0
    },
    "6281227508166@s.whatsapp.net": {
      "status_deposit": false,
      "saldo": 0
    },
    "6283891360767@s.whatsapp.net": {
      "status_deposit": false,
      "saldo": 0
    },
    "6281228599963@s.whatsapp.net": {
      "status_deposit": false,
      "saldo": 0
    },
    "6285783497609@s.whatsapp.net": {
      "status_deposit": false,
      "saldo": 0
    },
    "6283824115001@s.whatsapp.net": {
      "status_deposit": false,
      "saldo": 0
    },
    "6283890580550@s.whatsapp.net": {
      "status_deposit": false,
      "saldo": 0
    },
    "6283176194095@s.whatsapp.net": {
      "status_deposit": false,
      "saldo": 0
    },
    "923355417024@s.whatsapp.net": {
      "status_deposit": false,
      "saldo": 0
    },
    "60194697240@s.whatsapp.net": {
      "status_deposit": false,
      "saldo": 0
    },
    "6285819745040@s.whatsapp.net": {
      "status_deposit": false,
      "saldo": 0
    },
    "6285973056944@s.whatsapp.net": {
      "status_deposit": false,
      "saldo": 0
    },
    "6282267920563@s.whatsapp.net": {
      "status_deposit": false,
      "saldo": 0
    },
    "6285751733823@s.whatsapp.net": {
      "status_deposit": false,
      "saldo": 0
    },
    "6285863751381@s.whatsapp.net": {
      "status_deposit": false,
      "saldo": 0
    },
    "6289523797399@s.whatsapp.net": {
      "status_deposit": false,
      "saldo": 0
    },
    "601123246152@s.whatsapp.net": {
      "status_deposit": false,
      "saldo": 0
    },
    "6285771555374@s.whatsapp.net": {
      "status_deposit": false,
      "saldo": 0
    },
    "601117310512@s.whatsapp.net": {
      "status_deposit": false,
      "saldo": 0
    },
    "628386890336@s.whatsapp.net": {
      "status_deposit": false,
      "saldo": 0
    },
    "62895329750444@s.whatsapp.net": {
      "status_deposit": false,
      "saldo": 0
    },
    "6283124584843@s.whatsapp.net": {
      "status_deposit": false,
      "saldo": 0
    },
    "6285322031698@s.whatsapp.net": {
      "status_deposit": false,
      "saldo": 0
    },
    "6283167140403@s.whatsapp.net": {
      "status_deposit": false,
      "saldo": 0
    },
    "6285183880971@s.whatsapp.net": {
      "status_deposit": false,
      "saldo": 0
    },
    "6282172323318@s.whatsapp.net": {
      "status_deposit": false,
      "saldo": 0
    },
    "6281315804134@s.whatsapp.net": {
      "status_deposit": false,
      "saldo": 0
    },
    "6285772682793@s.whatsapp.net": {
      "status_deposit": false,
      "saldo": 0
    },
    "62895706820010@s.whatsapp.net": {
      "status_deposit": false,
      "saldo": 0
    },
    "6285870345797@s.whatsapp.net": {
      "status_deposit": false,
      "saldo": 0
    },
    "62882003363212@s.whatsapp.net": {
      "status_deposit": false,
      "saldo": 0
    },
    "6288242861945@s.whatsapp.net": {
      "status_deposit": false,
      "saldo": 0
    },
    "6283890314151@s.whatsapp.net": {
      "status_deposit": false,
      "saldo": 0
    },
    "6283150047899@s.whatsapp.net": {
      "status_deposit": false,
      "saldo": 0
    },
    "6287712895305@s.whatsapp.net": {
      "status_deposit": false,
      "saldo": 0
    },
    "6285123223954@s.whatsapp.net": {
      "status_deposit": false,
      "saldo": 0
    },
    "6282343141903@s.whatsapp.net": {
      "status_deposit": false,
      "saldo": 0
    },
    "6285213294802@s.whatsapp.net": {
      "status_deposit": false,
      "saldo": 0
    },
    "6285143254820@s.whatsapp.net": {
      "status_deposit": false,
      "saldo": 0
    },
    "6287740190500@s.whatsapp.net": {
      "status_deposit": false,
      "saldo": 0
    },
    "6285648380076@s.whatsapp.net": {
      "status_deposit": false,
      "saldo": 0
    },
    "6288292205572@s.whatsapp.net": {
      "status_deposit": false,
      "saldo": 0
    }
  },
  "groups": {
    "120363346695558884@g.us": {
      "antilink": false,
      "antilink2": false,
      "welcome": false,
      "mute": false,
      "simi": false,
      "blacklistjpm": false
    },
    "120363306861662756@g.us": {
      "antilink": false,
      "antilink2": false,
      "welcome": false,
      "mute": false,
      "simi": false,
      "blacklistjpm": false
    },
    "120363326488916456@g.us": {
      "antilink": false,
      "antilink2": true,
      "welcome": false,
      "mute": false,
      "simi": false,
      "blacklistjpm": false
    },
    "120363321195036357@g.us": {
      "antilink": false,
      "antilink2": false,
      "welcome": false,
      "mute": false,
      "simi": false,
      "blacklistjpm": false
    },
    "120363235130079780@g.us": {
      "antilink": false,
      "antilink2": false,
      "welcome": false,
      "mute": false,
      "simi": false,
      "blacklistjpm": false
    },
    "120363295615610836@g.us": {
      "antilink": false,
      "antilink2": false,
      "welcome": false,
      "mute": false,
      "simi": false,
      "blacklistjpm": false
    },
    "120363235320780899@g.us": {
      "antilink": false,
      "antilink2": false,
      "welcome": false,
      "mute": false,
      "simi": false,
      "blacklistjpm": false
    },
    "120363235734572216@g.us": {
      "antilink": false,
      "antilink2": false,
      "welcome": false,
      "mute": false,
      "simi": false,
      "blacklistjpm": false
    },
    "120363307524763421@g.us": {
      "antilink": false,
      "antilink2": false,
      "welcome": false,
      "mute": false,
      "simi": false,
      "blacklistjpm": false
    },
    "120363048476766634@g.us": {
      "antilink": false,
      "antilink2": false,
      "welcome": false,
      "mute": false,
      "simi": false,
      "blacklistjpm": false
    },
    "120363280879265754@g.us": {
      "antilink": false,
      "antilink2": false,
      "welcome": false,
      "mute": false,
      "simi": false,
      "blacklistjpm": false
    },
    "120363315444948215@g.us": {
      "antilink": false,
      "antilink2": false,
      "welcome": false,
      "mute": false,
      "simi": false,
      "blacklistjpm": false
    },
    "120363197084242836@g.us": {
      "antilink": false,
      "antilink2": false,
      "welcome": false,
      "mute": false,
      "simi": false,
      "blacklistjpm": false
    },
    "120363040610525967@g.us": {
      "antilink": false,
      "antilink2": false,
      "welcome": false,
      "mute": false,
      "simi": false,
      "blacklistjpm": false
    },
    "120363276523265223@g.us": {
      "antilink": false,
      "antilink2": false,
      "welcome": false,
      "mute": false,
      "simi": false,
      "blacklistjpm": false
    },
    "120363304297599422@g.us": {
      "antilink": false,
      "antilink2": false,
      "welcome": false,
      "mute": false,
      "simi": false,
      "blacklistjpm": false
    },
    "120363385998425332@g.us": {
      "antilink": false,
      "antilink2": false,
      "welcome": false,
      "mute": false,
      "simi": false,
      "blacklistjpm": false
    },
    "120363198014449393@g.us": {
      "antilink": false,
      "antilink2": false,
      "welcome": false,
      "mute": false,
      "simi": false,
      "blacklistjpm": false
    },
    "120363332982726150@g.us": {
      "antilink": false,
      "antilink2": false,
      "welcome": false,
      "mute": false,
      "simi": false,
      "blacklistjpm": false
    },
    "120363047599573557@g.us": {
      "antilink": false,
      "antilink2": false,
      "welcome": false,
      "mute": false,
      "simi": false,
      "blacklistjpm": false
    },
    "120363328038369986@g.us": {
      "antilink": false,
      "antilink2": false,
      "welcome": false,
      "mute": false,
      "simi": false,
      "blacklistjpm": false
    },
    "120363302988261159@g.us": {
      "antilink": false,
      "antilink2": false,
      "welcome": false,
      "mute": false,
      "simi": false,
      "blacklistjpm": false
    },
    "120363277536433260@g.us": {
      "antilink": false,
      "antilink2": false,
      "welcome": false,
      "mute": false,
      "simi": false,
      "blacklistjpm": false
    },
    "120363199834649652@g.us": {
      "antilink": false,
      "antilink2": false,
      "welcome": false,
      "mute": false,
      "simi": false,
      "blacklistjpm": false
    },
    "120363304732164894@g.us": {
      "antilink": false,
      "antilink2": false,
      "welcome": false,
      "mute": false,
      "simi": false,
      "blacklistjpm": false
    },
    "120363168762429568@g.us": {
      "antilink": false,
      "antilink2": false,
      "welcome": false,
      "mute": false,
      "simi": false,
      "blacklistjpm": false
    },
    "120363041514443149@g.us": {
      "antilink": false,
      "antilink2": false,
      "welcome": false,
      "mute": false,
      "simi": false,
      "blacklistjpm": false
    },
    "120363040586476091@g.us": {
      "antilink": false,
      "antilink2": false,
      "welcome": false,
      "mute": false,
      "simi": false,
      "blacklistjpm": false
    },
    "120363332383421754@g.us": {
      "antilink": false,
      "antilink2": false,
      "welcome": false,
      "mute": false,
      "simi": false,
      "blacklistjpm": false
    },
    "120363177169628677@g.us": {
      "antilink": false,
      "antilink2": false,
      "welcome": false,
      "mute": false,
      "simi": false,
      "blacklistjpm": false
    },
    "120363323690888918@g.us": {
      "antilink": false,
      "antilink2": false,
      "welcome": false,
      "mute": false,
      "simi": false,
      "blacklistjpm": false
    },
    "120363263233984809@g.us": {
      "antilink": false,
      "antilink2": false,
      "welcome": false,
      "mute": false,
      "simi": false,
      "blacklistjpm": false
    },
    "120363186718984270@g.us": {
      "antilink": false,
      "antilink2": false,
      "welcome": false,
      "mute": false,
      "simi": false,
      "blacklistjpm": false
    },
    "120363145776407671@g.us": {
      "antilink": false,
      "antilink2": false,
      "welcome": false,
      "mute": false,
      "simi": false,
      "blacklistjpm": false
    },
    "120363316687429466@g.us": {
      "antilink": false,
      "antilink2": false,
      "welcome": false,
      "mute": false,
      "simi": false,
      "blacklistjpm": false
    },
    "120363281967660377@g.us": {
      "antilink": false,
      "antilink2": false,
      "welcome": false,
      "mute": false,
      "simi": false,
      "blacklistjpm": false
    },
    "120363292988024658@g.us": {
      "antilink": false,
      "antilink2": false,
      "welcome": false,
      "mute": false,
      "simi": false,
      "blacklistjpm": false
    },
    "120363178891973370@g.us": {
      "antilink": false,
      "antilink2": false,
      "welcome": false,
      "mute": false,
      "simi": false,
      "blacklistjpm": false
    },
    "120363235054068942@g.us": {
      "antilink": false,
      "antilink2": false,
      "welcome": false,
      "mute": false,
      "simi": false,
      "blacklistjpm": false
    },
    "120363300131427418@g.us": {
      "antilink": false,
      "antilink2": false,
      "welcome": false,
      "mute": false,
      "simi": false,
      "blacklistjpm": false
    },
    "120363294959452499@g.us": {
      "antilink": false,
      "antilink2": false,
      "welcome": false,
      "mute": false,
      "simi": false,
      "blacklistjpm": false
    },
    "120363201037385966@g.us": {
      "antilink": false,
      "antilink2": false,
      "welcome": false,
      "mute": false,
      "simi": false,
      "blacklistjpm": false
    },
    "120363217317151495@g.us": {
      "antilink": false,
      "antilink2": false,
      "welcome": false,
      "mute": false,
      "simi": false,
      "blacklistjpm": false
    },
    "120363301713830876@g.us": {
      "antilink": false,
      "antilink2": false,
      "welcome": false,
      "mute": false,
      "simi": false,
      "blacklistjpm": false
    },
    "120363203483340243@g.us": {
      "antilink": false,
      "antilink2": false,
      "welcome": false,
      "mute": false,
      "simi": false,
      "blacklistjpm": false
    },
    "120363196709008764@g.us": {
      "antilink": false,
      "antilink2": false,
      "welcome": false,
      "mute": false,
      "simi": false,
      "blacklistjpm": false
    },
    "120363343760328602@g.us": {
      "antilink": false,
      "antilink2": false,
      "welcome": false,
      "mute": false,
      "simi": false,
      "blacklistjpm": false
    },
    "120363286169728533@g.us": {
      "antilink": false,
      "antilink2": false,
      "welcome": false,
      "mute": false,
      "simi": false,
      "blacklistjpm": false
    },
    "120363280204351830@g.us": {
      "antilink": false,
      "antilink2": false,
      "welcome": false,
      "mute": false,
      "simi": false,
      "blacklistjpm": false
    },
    "120363167300031583@g.us": {
      "antilink": false,
      "antilink2": false,
      "welcome": false,
      "mute": false,
      "simi": false,
      "blacklistjpm": false
    },
    "120363282926258875@g.us": {
      "antilink": false,
      "antilink2": false,
      "welcome": false,
      "mute": false,
      "simi": false,
      "blacklistjpm": false
    },
    "120363163463596253@g.us": {
      "antilink": false,
      "antilink2": false,
      "welcome": false,
      "mute": false,
      "simi": false,
      "blacklistjpm": false
    },
    "120363136024882508@g.us": {
      "antilink": false,
      "antilink2": false,
      "welcome": false,
      "mute": false,
      "simi": false,
      "blacklistjpm": false
    },
    "120363176644962637@g.us": {
      "antilink": false,
      "antilink2": false,
      "welcome": false,
      "mute": false,
      "simi": false,
      "blacklistjpm": false
    },
    "120363348367456093@g.us": {
      "antilink": false,
      "antilink2": false,
      "welcome": false,
      "mute": false,
      "simi": false,
      "blacklistjpm": false
    },
    "120363301145167231@g.us": {
      "antilink": false,
      "antilink2": false,
      "welcome": false,
      "mute": false,
      "simi": false,
      "blacklistjpm": false
    },
    "120363143147071838@g.us": {
      "antilink": false,
      "antilink2": false,
      "welcome": false,
      "mute": false,
      "simi": false,
      "blacklistjpm": false
    },
    "120363421082385132@g.us": {
      "antilink": false,
      "antilink2": false,
      "welcome": false,
      "mute": false,
      "simi": false,
      "blacklistjpm": false
    },
    "120363132661275513@g.us": {
      "antilink": false,
      "antilink2": false,
      "welcome": false,
      "mute": false,
      "simi": false,
      "blacklistjpm": false
    }
  },
  "database": {},
  "settings": {
    "anticall": false,
    "autobio": false,
    "autoread": false,
    "autopromosi": false,
    "autotyping": false,
    "readsw": false,
    "owneroffmode": false
  }
}